<step title="BackgroundTrace" date="2025-11-16T21:11:25.808" instance="b42e88" url="/api/zipdeploy" method="POST" >
  <step title="Cleanup Xml Logs" date="2025-11-16T21:11:25.846" /><!-- duration: 47ms -->
  <step title="Creating temporary deployment - FetchDeploymentManager" date="2025-11-16T21:11:26.108" /><!-- duration: 7ms -->
  <step title="Creating temporary deployment" date="2025-11-16T21:11:26.122" /><!-- duration: 250ms -->
  <step title="Performing fetch based deployment" date="2025-11-16T21:11:26.858" >
    <step title="Deployment timer started" date="2025-11-16T21:11:30.435" >
      <step title="DeploymentManager.Deploy(id:a512b15f-5914-45fe-927c-e8669b9518e6)" date="2025-11-16T21:11:30.463" >
        <step title="Collecting changeset information" date="2025-11-16T21:11:30.579" /><!-- duration: 197ms -->
        <step title="Updating submodules" date="2025-11-16T21:11:30.789" /><!-- duration: 1285ms -->
        <step title="Determining deployment builder" date="2025-11-16T21:11:32.464" >
          <step title="Builder is RunFromZipSiteBuilder" date="2025-11-16T21:11:32.482" /><!-- duration: 10ms -->
        </step><!-- duration: 39ms -->
        <step title="PreDeployment: context.CleanOutputPath False" date="2025-11-16T21:11:32.560" >
          <step title="PreDeployment: context.OutputPath /home/site/wwwroot" date="2025-11-16T21:11:32.722" >
            <step title="Building" date="2025-11-16T21:11:32.877" >
              <step title="Triggering recycle (preview mode disabled)." date="2025-11-16T21:11:33.343" /><!-- duration: 10ms -->
              <step title="Modified file to trigger a restart of the app container." date="2025-11-16T21:11:33.390" /><!-- duration: 22ms -->
              <step title="Skip function trigger and logicapp sync because function is not enabled." date="2025-11-16T21:11:33.440" /><!-- duration: 20ms -->
            </step><!-- duration: 1752ms -->
          </step><!-- duration: 1919ms -->
          <step title="Cleaning up temp files" date="2025-11-16T21:11:34.644" /><!-- duration: 12ms -->
          <step title="Cleaning up temp files" date="2025-11-16T21:11:34.667" /><!-- duration: 529ms -->
          <step title="Reloading status file with latest updates" date="2025-11-16T21:11:35.546" >
            <step title="WebHooksManager.PublishEventAsync: PostDeployment" date="2025-11-16T21:11:35.564" /><!-- duration: 65ms -->
          </step><!-- duration: 88ms -->
          <step title="Cleaning up temporary deployment - fetch deployment was successful" date="2025-11-16T21:11:35.643" /><!-- duration: 8ms -->
        </step><!-- duration: 3163ms -->
      </step><!-- duration: 5279ms -->
