<step title="Incoming Request" date="2025-11-16T17:51:09.452" instance="b42e88" url="/api/zipdeploy?isAsync=true" method="POST" type="request" pid="848,1,18" Accept="*/*" Host="smartcost-api-7016.scm.azurewebsites.net" User-Agent="AZURECLI/2.79.0 (MSI)" Accept-Encoding="gzip, deflate" Authorization="Bea..." Cache-Control="no-cache" Content-Type="application/octet-stream" Content-Length="22601004" x-ms-client-request-id="fefe6e62-c314-11f0-a047-24f5aa646473" x-ms-artifact-checksum="8faafb7ec8302e0a50c570ec9278696f6248ada2863fb336470e7964cae95d95" X-ARR-LOG-ID="fefe6e62-c314-11f0-a047-24f5aa646473" CLIENT-IP="191.255.213.128:53297" X-SITE-DEPLOYMENT-ID="smartcost-api-7016" WAS-DEFAULT-HOSTNAME="smartcost-api-7016.scm.azurewebsites.net" X-Forwarded-Proto="https" X-AppService-Proto="https" X-Forwarded-TlsVersion="1.3" X-WAWS-Unencoded-URL="/api/zipdeploy?isAsync=true" X-Client-IP="191.255.213.128" X-Client-Port="53297" >
  <step title="ZipPushDeploy" date="2025-11-16T17:51:10.925" >
    <step title="ZipDeploy. Run from package." date="2025-11-16T17:51:10.935" /><!-- duration: 4ms -->
    <step title="None repository commit" date="2025-11-16T17:51:10.948" >
      <step title="Commit id: be6f050d-77f7-43d0-a6e2-505749bc3427" date="2025-11-16T17:51:10.955" Message="N/A" AuthorName="N/A" AuthorEmail="N/A" /><!-- duration: 4ms -->
    </step><!-- duration: 14ms -->
    <step title="Starting PushDeployAsync" date="2025-11-16T17:51:10.974" /><!-- duration: 10ms -->
    <step title="WEBSITE_RUN_FROM_PACKAGE is set to 1. Writing zip to SitePackagesPath" date="2025-11-16T17:51:11.015" /><!-- duration: 9ms -->
    <step title="Copying zip to SitePackages /home/data/SitePackages/20251116175110.zip from request body" date="2025-11-16T17:51:11.054" /><!-- duration: 7ms -->
    <step title="Writing multipart request body to /home/data/SitePackages/20251116175110.zip" date="2025-11-16T17:51:11.067" /><!-- duration: 17ms -->
    <step title="Start deployment in the background" date="2025-11-16T17:51:12.464" >
      <step title="Acquiring Deployment Lock" date="2025-11-16T17:51:12.531" /><!-- duration: 5ms -->
      <step title="Acquired Deployment Lock" date="2025-11-16T17:51:12.589" /><!-- duration: 4ms -->
    </step><!-- duration: 310ms -->
  </step><!-- duration: 1863ms -->
  <step title="Outgoing response" date="2025-11-16T17:51:12.824" type="response" statusCode="202" statusText="Accepted" /><!-- duration: 4ms -->
</step><!-- duration: 3379ms -->
