<step title="BackgroundTrace" date="2025-11-16T17:51:12.482" instance="b42e88" url="/api/zipdeploy" method="POST" >
  <step title="Cleanup Xml Logs" date="2025-11-16T17:51:12.489" /><!-- duration: 7ms -->
  <step title="Creating temporary deployment - FetchDeploymentManager" date="2025-11-16T17:51:12.597" /><!-- duration: 4ms -->
  <step title="Creating temporary deployment" date="2025-11-16T17:51:12.605" /><!-- duration: 165ms -->
  <step title="Performing fetch based deployment" date="2025-11-16T17:51:12.855" >
    <step title="Deployment timer started" date="2025-11-16T17:51:16.088" >
      <step title="DeploymentManager.Deploy(id:be6f050d-77f7-43d0-a6e2-505749bc3427)" date="2025-11-16T17:51:16.101" >
        <step title="Collecting changeset information" date="2025-11-16T17:51:16.143" /><!-- duration: 137ms -->
        <step title="Updating submodules" date="2025-11-16T17:51:16.286" /><!-- duration: 1139ms -->
        <step title="Determining deployment builder" date="2025-11-16T17:51:17.997" >
          <step title="Builder is RunFromZipSiteBuilder" date="2025-11-16T17:51:18.055" /><!-- duration: 26ms -->
        </step><!-- duration: 96ms -->
        <step title="PreDeployment: context.CleanOutputPath False" date="2025-11-16T17:51:18.247" >
          <step title="PreDeployment: context.OutputPath /home/site/wwwroot" date="2025-11-16T17:51:18.781" >
            <step title="Building" date="2025-11-16T17:51:19.109" >
              <step title="Triggering recycle (preview mode disabled)." date="2025-11-16T17:51:20.954" /><!-- duration: 50ms -->
              <step title="Modified file to trigger a restart of the app container." date="2025-11-16T17:51:21.156" /><!-- duration: 20ms -->
              <step title="Skip function trigger and logicapp sync because function is not enabled." date="2025-11-16T17:51:21.357" /><!-- duration: 59ms -->
              <step title="Purge deployment items" date="2025-11-16T17:51:23.158" >
                <step title="Remove 7afbc39a-, Failed, received at 11/16/2025 17:36:04" date="2025-11-16T17:51:23.254" /><!-- duration: 15ms -->
              </step><!-- duration: 122ms -->
            </step><!-- duration: 4302ms -->
          </step><!-- duration: 4658ms -->
          <step title="Cleaning up temp files" date="2025-11-16T17:51:23.448" /><!-- duration: 37ms -->
          <step title="Cleaning up temp files" date="2025-11-16T17:51:23.499" /><!-- duration: 532ms -->
          <step title="Reloading status file with latest updates" date="2025-11-16T17:51:24.199" >
            <step title="WebHooksManager.PublishEventAsync: PostDeployment" date="2025-11-16T17:51:24.229" /><!-- duration: 148ms -->
          </step><!-- duration: 188ms -->
          <step title="Cleaning up temporary deployment - fetch deployment was successful" date="2025-11-16T17:51:24.408" /><!-- duration: 10ms -->
        </step><!-- duration: 6383ms -->
      </step><!-- duration: 8599ms -->
