<step title="Incoming Request" date="2025-11-16T17:35:37.584" instance="b42e88" url="/api/zipdeploy?isAsync=true" method="POST" type="request" pid="834,1,39" Accept="*/*" Host="smartcost-api-7016.scm.azurewebsites.net" User-Agent="AZURECLI/2.79.0 (MSI)" Accept-Encoding="gzip, deflate" Authorization="Bea..." Cache-Control="no-cache" Content-Type="application/octet-stream" Content-Length="22744757" x-ms-client-request-id="d90a6497-c312-11f0-a878-24f5aa646473" x-ms-artifact-checksum="d167107d08293f5b805edd85b893a07b20511c4d08b60e21ace2ac034e78a429" X-ARR-LOG-ID="d90a6497-c312-11f0-a878-24f5aa646473" CLIENT-IP="191.255.213.128:53113" X-SITE-DEPLOYMENT-ID="smartcost-api-7016" WAS-DEFAULT-HOSTNAME="smartcost-api-7016.scm.azurewebsites.net" X-Forwarded-Proto="https" X-AppService-Proto="https" X-Forwarded-TlsVersion="1.3" X-WAWS-Unencoded-URL="/api/zipdeploy?isAsync=true" X-Client-IP="191.255.213.128" X-Client-Port="53113" >
  <step title="Cleanup Xml Logs" date="2025-11-16T17:35:37.689" /><!-- duration: 127ms -->
  <step title="ZipPushDeploy" date="2025-11-16T17:35:38.917" >
    <step title="ZipDeploy. Extract zip." date="2025-11-16T17:35:38.951" /><!-- duration: 8ms -->
    <step title="Starting PushDeployAsync" date="2025-11-16T17:35:39.027" /><!-- duration: 12ms -->
    <step title="Writing artifact to /tmp/zipdeploy/4cd8f655-497d-4979-85bf-febcf3132e3e.zip" date="2025-11-16T17:35:39.116" >
      <step title="Writing multipart request body to /tmp/zipdeploy/4cd8f655-497d-4979-85bf-febcf3132e3e.zip" date="2025-11-16T17:35:39.135" /><!-- duration: 11ms -->
    </step><!-- duration: 4336ms -->
    <step title="Start deployment in the background" date="2025-11-16T17:35:43.846" >
      <step title="Acquiring Deployment Lock" date="2025-11-16T17:35:44.030" /><!-- duration: 85ms -->
      <step title="Acquired Deployment Lock" date="2025-11-16T17:35:44.646" /><!-- duration: 20ms -->
    </step><!-- duration: 1291ms -->
  </step><!-- duration: 6607ms -->
  <step title="Outgoing response" date="2025-11-16T17:35:45.714" type="response" statusCode="202" statusText="Accepted" /><!-- duration: 61ms -->
</step><!-- duration: 8195ms -->
