<step title="Incoming Request" date="2025-11-16T21:11:21.593" instance="b42e88" url="/api/zipdeploy?isAsync=true" method="POST" type="request" pid="833,1,50" Accept="*/*" Host="smartcost-api-7016.scm.azurewebsites.net" User-Agent="AZURECLI/2.79.0 (MSI)" Accept-Encoding="gzip, deflate" Authorization="Bea..." Cache-Control="no-cache" Content-Type="application/octet-stream" Content-Length="23067375" x-ms-client-request-id="fb61658c-c330-11f0-830e-24f5aa646473" x-ms-artifact-checksum="8d4dac834391300780d7195a0f7d347f2004483f6e3284a706e54a56f0ec88da" X-ARR-LOG-ID="fb61658c-c330-11f0-830e-24f5aa646473" CLIENT-IP="191.255.213.128:55235" X-SITE-DEPLOYMENT-ID="smartcost-api-7016" WAS-DEFAULT-HOSTNAME="smartcost-api-7016.scm.azurewebsites.net" X-Forwarded-Proto="https" X-AppService-Proto="https" X-Forwarded-TlsVersion="1.3" X-WAWS-Unencoded-URL="/api/zipdeploy?isAsync=true" X-Client-IP="191.255.213.128" X-Client-Port="55235" >
  <step title="Cleanup Xml Logs" date="2025-11-16T21:11:21.617" /><!-- duration: 12ms -->
  <step title="ZipPushDeploy" date="2025-11-16T21:11:22.027" >
    <step title="ZipDeploy. Run from package." date="2025-11-16T21:11:22.098" /><!-- duration: 3ms -->
    <step title="Starting PushDeployAsync" date="2025-11-16T21:11:22.108" /><!-- duration: 4ms -->
    <step title="WEBSITE_RUN_FROM_PACKAGE is set to 1. Writing zip to SitePackagesPath" date="2025-11-16T21:11:22.123" /><!-- duration: 5ms -->
    <step title="Copying zip to SitePackages /home/data/SitePackages/20251116211122.zip from request body" date="2025-11-16T21:11:22.136" /><!-- duration: 3ms -->
    <step title="Writing multipart request body to /home/data/SitePackages/20251116211122.zip" date="2025-11-16T21:11:22.144" /><!-- duration: 3ms -->
    <step title="Start deployment in the background" date="2025-11-16T21:11:25.738" >
      <step title="Acquiring Deployment Lock" date="2025-11-16T21:11:25.948" /><!-- duration: 10ms -->
      <step title="Acquired Deployment Lock" date="2025-11-16T21:11:26.088" /><!-- duration: 16ms -->
    </step><!-- duration: 693ms -->
  </step><!-- duration: 4665ms -->
  <step title="Outgoing response" date="2025-11-16T21:11:26.751" type="response" statusCode="202" statusText="Accepted" /><!-- duration: 19ms -->
</step><!-- duration: 5195ms -->
