<step title="Incoming Request" date="2025-11-16T18:18:02.684" instance="b42e88" url="/api/publish?type=zip&amp;async=False" method="POST" type="request" pid="833,1,7" Accept="*/*" Host="smartcost-api-7016.scm.azurewebsites.net" User-Agent="AZURECLI/2.79.0 (MSI)" Accept-Encoding="gzip, deflate" Authorization="Bea..." Cache-Control="no-cache" Content-Type="application/octet-stream" Cookie="ARRAffinity=b42e8886acdb8a5a6fd64d57ead538cc2765d75cbbc61a37cab2678ae174bea0; ARRAffinitySameSite=b42e8886acdb8a5a6fd64d57ead538cc2765d75cbbc61a37cab2678ae174bea0" Content-Length="22805249" x-ms-client-request-id="a503e48e-c318-11f0-a0e1-24f5aa646473" x-ms-artifact-checksum="37f888702c7b34887e95a52e2fe9d886c4a5eb1713b4898ea1654093e4a8b3aa" X-ARR-LOG-ID="a503e48e-c318-11f0-a0e1-24f5aa646473" CLIENT-IP="191.255.213.128:53631" X-SITE-DEPLOYMENT-ID="smartcost-api-7016" WAS-DEFAULT-HOSTNAME="smartcost-api-7016.scm.azurewebsites.net" X-Forwarded-Proto="https" X-AppService-Proto="https" X-Forwarded-TlsVersion="1.3" X-WAWS-Unencoded-URL="/api/publish?type=zip&amp;async=False" X-Client-IP="191.255.213.128" X-Client-Port="53631" >
  <step title="Cleanup Xml Logs" date="2025-11-16T18:18:02.704" /><!-- duration: 75ms -->
  <step title="OneDeploy" date="2025-11-16T18:18:03.605" >
    <step title="None repository commit" date="2025-11-16T18:18:03.692" >
      <step title="Commit id: 7b772d9e-fbb8-43bc-b1f0-76a91e2c0d0c" date="2025-11-16T18:18:03.712" Message="N/A" AuthorName="N/A" AuthorEmail="N/A" /><!-- duration: 27ms -->
    </step><!-- duration: 65ms -->
    <step title="Starting PushDeployAsync" date="2025-11-16T18:18:03.776" /><!-- duration: 37ms -->
    <step title="WEBSITE_RUN_FROM_PACKAGE is set to 1. Writing zip to SitePackagesPath" date="2025-11-16T18:18:03.902" /><!-- duration: 10ms -->
    <step title="Copying zip to SitePackages /home/data/SitePackages/20251116181803.zip from request body" date="2025-11-16T18:18:03.923" /><!-- duration: 10ms -->
    <step title="Writing multipart request body to /home/data/SitePackages/20251116181803.zip" date="2025-11-16T18:18:03.963" /><!-- duration: 18ms -->
    <step title="Attempting to fetch target branch HEAD" date="2025-11-16T18:18:07.341" /><!-- duration: 6ms -->
    <step title="Acquiring Deployment Lock" date="2025-11-16T18:18:07.353" /><!-- duration: 7ms -->
    <step title="Acquired Deployment Lock" date="2025-11-16T18:18:07.404" /><!-- duration: 3ms -->
    <step title="Performing fetch based deployment" date="2025-11-16T18:18:07.414" >
      <step title="Creating temporary deployment" date="2025-11-16T18:18:07.428" /><!-- duration: 57ms -->
      <step title="Releasing Deployment Lock" date="2025-11-16T18:18:08.815" /><!-- duration: 8ms -->
      <step title="None repository commit" date="2025-11-16T18:18:08.915" >
        <step title="Commit id: 7b772d9e-fbb8-43bc-b1f0-76a91e2c0d0c" date="2025-11-16T18:18:08.925" Message="OneDeploy" AuthorName="N/A" AuthorEmail="N/A" /><!-- duration: 3ms -->
      </step><!-- duration: 16ms -->
      <step title="Deployment timer started" date="2025-11-16T18:18:10.936" >
        <step title="DeploymentManager.Deploy(id:7b772d9e-fbb8-43bc-b1f0-76a91e2c0d0c)" date="2025-11-16T18:18:10.942" >
          <step title="Collecting changeset information" date="2025-11-16T18:18:10.964" /><!-- duration: 107ms -->
          <step title="Updating submodules" date="2025-11-16T18:18:11.076" /><!-- duration: 1145ms -->
          <step title="Determining deployment builder" date="2025-11-16T18:18:12.466" >
            <step title="Builder is RunFromZipSiteBuilder" date="2025-11-16T18:18:12.485" /><!-- duration: 5ms -->
          </step><!-- duration: 28ms -->
          <step title="PreDeployment: context.CleanOutputPath False" date="2025-11-16T18:18:12.552" >
            <step title="PreDeployment: context.OutputPath /home/site/wwwroot" date="2025-11-16T18:18:12.689" >
              <step title="Building" date="2025-11-16T18:18:12.862" >
                <step title="Modified file to trigger a restart of the app container." date="2025-11-16T18:18:13.351" /><!-- duration: 4ms -->
                <step title="Skip function trigger and logicapp sync because function is not enabled." date="2025-11-16T18:18:13.361" /><!-- duration: 12ms -->
              </step><!-- duration: 1746ms -->
            </step><!-- duration: 1957ms -->
            <step title="Cleaning up temp files" date="2025-11-16T18:18:14.670" /><!-- duration: 15ms -->
            <step title="Cleaning up temp files" date="2025-11-16T18:18:14.694" /><!-- duration: 528ms -->
            <step title="Reloading status file with latest updates" date="2025-11-16T18:18:15.324" >
              <step title="WebHooksManager.PublishEventAsync: PostDeployment" date="2025-11-16T18:18:15.339" /><!-- duration: 547ms -->
            </step><!-- duration: 591ms -->
            <step title="Cleaning up temporary deployment - fetch deployment was successful" date="2025-11-16T18:18:15.945" /><!-- duration: 11ms -->
          </step><!-- duration: 3561ms -->
        </step><!-- duration: 5209ms -->
        <step title="Outgoing response" date="2025-11-16T18:18:16.269" type="response" statusCode="200" statusText="OK" /><!-- duration: 19ms -->
      </step><!-- duration: 5369ms -->
