<step title="Incoming Request" date="2025-11-16T17:18:00.677" instance="b42e88" url="/api/publish?type=zip&amp;async=True" method="POST" type="request" pid="834,1,34" Accept="*/*" Host="smartcost-api-7016.scm.azurewebsites.net" User-Agent="AZURECLI/2.79.0 (MSI)" Accept-Encoding="gzip, deflate" Authorization="Bea..." Cache-Control="no-cache" Content-Type="application/octet-stream" Cookie="ARRAffinity=b42e8886acdb8a5a6fd64d57ead538cc2765d75cbbc61a37cab2678ae174bea0; ARRAffinitySameSite=b42e8886acdb8a5a6fd64d57ead538cc2765d75cbbc61a37cab2678ae174bea0" Content-Length="22744757" x-ms-client-request-id="549a88bf-c310-11f0-8af9-24f5aa646473" x-ms-artifact-checksum="d167107d08293f5b805edd85b893a07b20511c4d08b60e21ace2ac034e78a429" X-ARR-LOG-ID="549a88bf-c310-11f0-8af9-24f5aa646473" CLIENT-IP="191.255.213.128:52942" X-SITE-DEPLOYMENT-ID="smartcost-api-7016" WAS-DEFAULT-HOSTNAME="smartcost-api-7016.scm.azurewebsites.net" X-Forwarded-Proto="https" X-AppService-Proto="https" X-Forwarded-TlsVersion="1.3" X-WAWS-Unencoded-URL="/api/publish?type=zip&amp;async=True" X-Client-IP="191.255.213.128" X-Client-Port="52942" >
  <step title="Cleanup Xml Logs" date="2025-11-16T17:18:00.753" /><!-- duration: 21ms -->
  <step title="OneDeploy" date="2025-11-16T17:18:01.292" >
    <step title="None repository commit" date="2025-11-16T17:18:01.353" >
      <step title="Commit id: 7b62641c-ba9d-42b0-adaf-a91e22969523" date="2025-11-16T17:18:01.358" Message="N/A" AuthorName="N/A" AuthorEmail="N/A" /><!-- duration: 4ms -->
    </step><!-- duration: 13ms -->
    <step title="Starting PushDeployAsync" date="2025-11-16T17:18:01.373" /><!-- duration: 4ms -->
    <step title="Writing artifact to /tmp/zipdeploy/0366494e-5cc7-4898-aff7-874f50dc7bd7.zip" date="2025-11-16T17:18:01.424" >
      <step title="Writing multipart request body to /tmp/zipdeploy/0366494e-5cc7-4898-aff7-874f50dc7bd7.zip" date="2025-11-16T17:18:01.444" /><!-- duration: 4ms -->
    </step><!-- duration: 2767ms -->
    <step title="Start deployment in the background" date="2025-11-16T17:18:04.302" >
      <step title="Acquiring Deployment Lock" date="2025-11-16T17:18:04.553" /><!-- duration: 49ms -->
      <step title="Acquired Deployment Lock" date="2025-11-16T17:18:04.932" /><!-- duration: 21ms -->
    </step><!-- duration: 1413ms -->
  </step><!-- duration: 4483ms -->
  <step title="Outgoing response" date="2025-11-16T17:18:05.847" type="response" statusCode="202" statusText="Accepted" /><!-- duration: 29ms -->
</step><!-- duration: 5203ms -->
