{
  "IsEncrypted": false,
  "Values": {
    "AzureWebJobsStorage": "UseDevelopmentStorage=true",
    "FUNCTIONS_WORKER_RUNTIME": "dotnet-isolated",
    "AZURE_SUBSCRIPTION_ID": "seu-subscription-id-aqui",
    "AZURE_TENANT_ID": "seu-tenant-id-aqui",
    "AZURE_CLIENT_ID": "seu-client-id-aqui",
    "USE_REAL_COST_API": "false"
  },
  "ConnectionStrings": {
    "CosmosDb": "AccountEndpoint=https://seu-cosmos-account.documents.azure.com:443/;AccountKey=sua-chave-aqui;"
  },
  "CosmosDb": {
    "DatabaseName": "SmartCostDB",
    "CostRecordsContainer": "CostRecords",
    "EventsContainer": "Events"
  },
  "Logging": {
    "LogLevel": {
      "Default": "Information",
      "AzureSmartCost": "Debug"
    }
  }
}
