﻿<?xml version="1.0" encoding="utf-8"?>
<deployment>
  <id>be6f050d-77f7-43d0-a6e2-505749bc3427</id>
  <author>N/A</author>
  <deployer>Push-Deployer</deployer>
  <authorEmail>N/A</authorEmail>
  <message>Created via a push deployment</message>
  <progress></progress>
  <status>Success</status>
  <statusText></statusText>
  <lastSuccessEndTime>2025-11-16T17:51:22.5246634Z</lastSuccessEndTime>
  <receivedTime>2025-11-16T17:51:16.1916901Z</receivedTime>
  <startTime>2025-11-16T17:51:17.6572438Z</startTime>
  <endTime>2025-11-16T17:51:22.5246634Z</endTime>
  <complete>True</complete>
  <is_temp>False</is_temp>
  <is_readonly>True</is_readonly>
  <buildSummary />
</deployment>