﻿<?xml version="1.0" encoding="utf-8"?>
<deployment>
  <id>7c00599f-7a91-4a89-b576-54c96ab2cf68</id>
  <author>N/A</author>
  <deployer>OneDeploy</deployer>
  <authorEmail>N/A</authorEmail>
  <message>OneDeploy</message>
  <progress></progress>
  <status>Failed</status>
  <statusText></statusText>
  <lastSuccessEndTime />
  <receivedTime>2025-11-13T12:22:38.8567796Z</receivedTime>
  <startTime>2025-11-13T12:22:40.3614622Z</startTime>
  <endTime>2025-11-13T12:22:56.1883987Z</endTime>
  <complete>True</complete>
  <is_temp>False</is_temp>
  <is_readonly>True</is_readonly>
  <buildSummary />
</deployment>