<step title="Incoming Request" date="2025-11-13T12:22:31.351" instance="d9fa23" url="/api/publish?type=zip&amp;async=False" method="POST" type="request" pid="770,1,16" Accept="*/*" Host="smartcost-api-demo-7294.scm.azurewebsites.net" User-Agent="AZURECLI/2.79.0 (MSI)" Accept-Encoding="gzip, deflate" Authorization="Bea..." Cache-Control="no-cache" Content-Type="application/octet-stream" Cookie="ARRAffinity=d9fa23bab1bae3444918e0beb211c6c2d95730b25457dd5fed306f4f2e1a4c11; ARRAffinitySameSite=d9fa23bab1bae3444918e0beb211c6c2d95730b25457dd5fed306f4f2e1a4c11" Content-Length="22581208" x-ms-client-request-id="9469c419-c08b-11f0-947b-24f5aa646473" x-ms-artifact-checksum="7c31db9670f1f531f7b3707635bedafad36e63fba691908ece72832861d5ad63" X-ARR-LOG-ID="9469c419-c08b-11f0-947b-24f5aa646473" CLIENT-IP="191.255.213.128:50925" X-SITE-DEPLOYMENT-ID="smartcost-api-demo-7294" WAS-DEFAULT-HOSTNAME="smartcost-api-demo-7294.scm.azurewebsites.net" X-Forwarded-Proto="https" X-AppService-Proto="https" X-Forwarded-TlsVersion="1.3" X-WAWS-Unencoded-URL="/api/publish?type=zip&amp;async=False" X-Client-IP="191.255.213.128" X-Client-Port="50925" >
  <step title="Cleanup Xml Logs" date="2025-11-13T12:22:31.357" /><!-- duration: 11ms -->
  <step title="OneDeploy" date="2025-11-13T12:22:31.719" >
    <step title="None repository commit" date="2025-11-13T12:22:31.799" >
      <step title="Commit id: 7c00599f-7a91-4a89-b576-54c96ab2cf68" date="2025-11-13T12:22:31.810" Message="N/A" AuthorName="N/A" AuthorEmail="N/A" /><!-- duration: 14ms -->
    </step><!-- duration: 74ms -->
    <step title="Starting PushDeployAsync" date="2025-11-13T12:22:31.921" /><!-- duration: 30ms -->
    <step title="Writing artifact to /tmp/zipdeploy/e621abfa-c61d-4d49-aa75-b134c52e9469.zip" date="2025-11-13T12:22:31.989" >
      <step title="Writing multipart request body to /tmp/zipdeploy/e621abfa-c61d-4d49-aa75-b134c52e9469.zip" date="2025-11-13T12:22:32.007" /><!-- duration: 11ms -->
    </step><!-- duration: 1494ms -->
    <step title="Attempting to fetch target branch HEAD" date="2025-11-13T12:22:33.542" /><!-- duration: 19ms -->
    <step title="Acquiring Deployment Lock" date="2025-11-13T12:22:33.579" /><!-- duration: 28ms -->
    <step title="Acquired Deployment Lock" date="2025-11-13T12:22:33.705" /><!-- duration: 7ms -->
    <step title="Performing fetch based deployment" date="2025-11-13T12:22:33.749" >
      <step title="Creating temporary deployment" date="2025-11-13T12:22:33.776" /><!-- duration: 107ms -->
      <step title="Releasing Deployment Lock" date="2025-11-13T12:22:35.105" /><!-- duration: 11ms -->
      <step title="Cleaning up temp folders from previous zip deployments and extracting pushed zip file /tmp/zipdeploy/e621abfa-c61d-4d49-aa75-b134c52e9469.zip (21.54 MB) to /tmp/zipdeploy/extracted" date="2025-11-13T12:22:35.169" >
        <step title="ChmodRecursive Process exited with total time taken in ms: 106" date="2025-11-13T12:22:36.706" /><!-- duration: 13ms -->
      </step><!-- duration: 1557ms -->
      <step title="None repository commit" date="2025-11-13T12:22:36.737" >
        <step title="Commit id: 7c00599f-7a91-4a89-b576-54c96ab2cf68" date="2025-11-13T12:22:36.745" Message="OneDeploy" AuthorName="N/A" AuthorEmail="N/A" /><!-- duration: 6ms -->
      </step><!-- duration: 19ms -->
      <step title="Deployment timer started" date="2025-11-13T12:22:38.770" >
        <step title="DeploymentManager.Deploy(id:7c00599f-7a91-4a89-b576-54c96ab2cf68)" date="2025-11-13T12:22:38.779" >
          <step title="Collecting changeset information" date="2025-11-13T12:22:38.813" /><!-- duration: 120ms -->
          <step title="Updating submodules" date="2025-11-13T12:22:38.947" /><!-- duration: 1198ms -->
          <step title="Determining deployment builder" date="2025-11-13T12:22:40.488" >
            <step title="Builder is OneDeployBuilder" date="2025-11-13T12:22:40.512" /><!-- duration: 5ms -->
          </step><!-- duration: 37ms -->
          <step title="PreDeployment: context.CleanOutputPath False" date="2025-11-13T12:22:40.602" >
            <step title="PreDeployment: context.OutputPath /home/site/wwwroot" date="2025-11-13T12:22:40.787" >
              <step title="Building" date="2025-11-13T12:22:40.988" >
                <step title="Executing external process" date="2025-11-13T12:22:41.712" type="process" path="starter.sh" arguments="/opt/Kudu/Scripts/parallel_rsync.sh /tmp/zipdeploy/extracted /home/site/wwwroot 8 /tmp/ False False  " >
                  <step title="Process dump" date="2025-11-13T12:22:50.436" exitCode="123" type="processOutput" /><!-- duration: 9ms -->
                </step><!-- duration: 8741ms -->
                <step title="Error occurred" date="2025-11-13T12:22:50.545" type="error" text="rsync: [generator] recv_generator: failed to stat &quot;/home/site/wwwroot/runtimes\win-x64\native\Microsoft.Azure.Cosmos.ServiceInterop.dll&quot;: Invalid argument (22)
rsync: [generator] recv_generator: failed to stat &quot;/home/site/wwwroot/runtimes\win-x64\native\vcruntime140_1.dll&quot;: Invalid argument (22)
rsync: [generator] recv_generator: failed to stat &quot;/home/site/wwwroot/runtimes\win-x64\native\msvcp140.dll&quot;: Invalid argument (22)
rsync error: some files/attrs were not transferred (see previous errors) (code 23) at main.c(1333) [sender=3.2.3]
rsync: [generator] recv_generator: failed to stat &quot;/home/site/wwwroot/runtimes\win-x64\native\Cosmos.CRTCompat.dll&quot;: Invalid argument (22)
rsync: [generator] recv_generator: failed to stat &quot;/home/site/wwwroot/runtimes\win-x64\native\vcruntime140.dll&quot;: Invalid argument (22)
rsync: [generator] recv_generator: failed to stat &quot;/home/site/wwwroot/runtimes\win-x64\native\Microsoft.Azure.Cosmos.ServiceInterop.dll&quot;: Invalid argument (22)
rsync: [generator] recv_generator: failed to stat &quot;/home/site/wwwroot/runtimes\win\lib\net6.0\System.Diagnostics.PerformanceCounter.dll&quot;: Invalid argument (22)
rsync: [generator] recv_generator: failed to stat &quot;/home/site/wwwroot/runtimes\win-x64\native\vcruntime140_1.dll&quot;: Invalid argument (22)
rsync error: some files/attrs were not transferred (see previous errors) (code 23) at main.c(1333) [sender=3.2.3]
rsync error: some files/attrs were not transferred (see previous errors) (code 23) at main.c(1333) [sender=3.2.3]
rsync error: some files/attrs were not transferred (see previous errors) (code 23) at main.c(1333) [sender=3.2.3]
rsync error: some files/attrs were not transferred (see previous errors) (code 23) at main.c(1333) [sender=3.2.3]
rsync: [generator] recv_generator: failed to stat &quot;/home/site/wwwroot/runtimes\win-x64\native\msvcp140.dll&quot;: Invalid argument (22)
rsync: [generator] recv_generator: failed to stat &quot;/home/site/wwwroot/runtimes\win\lib\net6.0\System.Diagnostics.PerformanceCounter.dll&quot;: Invalid argument (22)
rsync: [generator] recv_generator: failed to stat &quot;/home/site/wwwroot/runtimes\win-x64\native\Cosmos.CRTCompat.dll&quot;: Invalid argument (22)
rsync: [generator] recv_generator: failed to stat &quot;/home/site/wwwroot/runtimes\win-x64\native\vcruntime140.dll&quot;: Invalid argument (22)
rsync error: some files/attrs were not transferred (see previous errors) (code 23) at main.c(1333) [sender=3.2.3]
rsync error: some files/attrs were not transferred (see previous errors) (code 23) at main.c(1333) [sender=3.2.3]
rsync error: some files/attrs were not transferred (see previous errors) (code 23) at main.c(1333) [sender=3.2.3]
/opt/Kudu/Scripts/starter.sh /opt/Kudu/Scripts/parallel_rsync.sh /tmp/zipdeploy/extracted /home/site/wwwroot 8 /tmp/ False False  " stackTrace="   at Kudu.Core.Infrastructure.Executable.ExecuteInternal(ITracer tracer, Func`2 onWriteOutput, Func`2 onWriteError, CancellationToken token, Encoding encoding, String arguments, Object[] args) in /tmp/KuduLite/Kudu.Core/Infrastructure/Executable.cs:line 239
   at Kudu.Core.Infrastructure.Executable.ExecuteWithProgressWriter(ILogger logger, ITracer tracer, CancellationToken token, String arguments, Object[] args) in /tmp/KuduLite/Kudu.Core/Infrastructure/Executable.cs:line 118
   at Kudu.Core.Deployment.Generator.ExternalCommandBuilder.RunCommand(DeploymentContext context, String command, Boolean ignoreManifest, CancellationToken token, String message) in /tmp/KuduLite/Kudu.Core/Deployment/Generator/ExternalCommandBuilder.cs:line 122" /><!-- duration: 8ms -->
                <step title="Error occurred" date="2025-11-13T12:22:56.157" type="error" text="Invalid argument : &apos;/home/site/wwwroot/runtimes\win-x64\native\vcruntime140_1.dll&apos;" stackTrace="   at Interop.ThrowExceptionForIoErrno(ErrorInfo errorInfo, String path, Boolean isDirError)
   at Microsoft.Win32.SafeHandles.SafeFileHandle.Open(String fullPath, FileMode mode, FileAccess access, FileShare share, FileOptions options, Int64 preallocationSize, UnixFileMode openPermissions, Int64&amp; fileLength, UnixFileMode&amp; filePermissions, Boolean failForSymlink, Boolean&amp; wasSymlink, Func`4 createOpenException)
   at System.IO.FileSystem.CopyFile(String sourceFullPath, String destFullPath, Boolean overwrite)
   at Kudu.Core.Infrastructure.FileSystemHelpers.CopyDirectoryRecursive(String sourceDirPath, String destinationDirPath, Boolean overwrite) in /tmp/KuduLite/Kudu.Core/Infrastructure/FileSystemHelpers.cs:line 239
   at Kudu.Core.Deployment.Generator.OneDeployBuilder.Build(DeploymentContext context, CancellationToken token) in /tmp/KuduLite/Kudu.Core/Deployment/Generator/OneDeployBuilder.cs:line 108
   at Kudu.Core.Deployment.DeploymentManager.Build(ChangeSet changeSet, ITracer tracer, IDisposable deployStep, IRepository repository, DeploymentInfoBase deploymentInfo, DeploymentAnalytics deploymentAnalytics, Boolean fullBuildByDefault, CancellationToken cancellationToken) in /tmp/KuduLite/Kudu.Core/Deployment/DeploymentManager.cs:line 771" /><!-- duration: 10ms -->
                <step title="Purge deployment items" date="2025-11-13T12:22:56.568" >
                  <step title="Remove 5777f760-, Failed, received at 11/13/2025 12:18:02" date="2025-11-13T12:22:56.669" /><!-- duration: 7ms -->
                </step><!-- duration: 114ms -->
              </step><!-- duration: 15701ms -->
            </step><!-- duration: 15912ms -->
            <step title="Error occurred" date="2025-11-13T12:22:56.706" type="error" text="Invalid argument : &apos;/home/site/wwwroot/runtimes\win-x64\native\vcruntime140_1.dll&apos;" stackTrace="   at Interop.ThrowExceptionForIoErrno(ErrorInfo errorInfo, String path, Boolean isDirError)
   at Microsoft.Win32.SafeHandles.SafeFileHandle.Open(String fullPath, FileMode mode, FileAccess access, FileShare share, FileOptions options, Int64 preallocationSize, UnixFileMode openPermissions, Int64&amp; fileLength, UnixFileMode&amp; filePermissions, Boolean failForSymlink, Boolean&amp; wasSymlink, Func`4 createOpenException)
   at System.IO.FileSystem.CopyFile(String sourceFullPath, String destFullPath, Boolean overwrite)
   at Kudu.Core.Infrastructure.FileSystemHelpers.CopyDirectoryRecursive(String sourceDirPath, String destinationDirPath, Boolean overwrite) in /tmp/KuduLite/Kudu.Core/Infrastructure/FileSystemHelpers.cs:line 239
   at Kudu.Core.Deployment.Generator.OneDeployBuilder.Build(DeploymentContext context, CancellationToken token) in /tmp/KuduLite/Kudu.Core/Deployment/Generator/OneDeployBuilder.cs:line 108
   at Kudu.Core.Deployment.DeploymentManager.Build(ChangeSet changeSet, ITracer tracer, IDisposable deployStep, IRepository repository, DeploymentInfoBase deploymentInfo, DeploymentAnalytics deploymentAnalytics, Boolean fullBuildByDefault, CancellationToken cancellationToken) in /tmp/KuduLite/Kudu.Core/Deployment/DeploymentManager.cs:line 771
   at Kudu.Core.Deployment.DeploymentManager.Build(ChangeSet changeSet, ITracer tracer, IDisposable deployStep, IRepository repository, DeploymentInfoBase deploymentInfo, DeploymentAnalytics deploymentAnalytics, Boolean fullBuildByDefault, CancellationToken cancellationToken) in /tmp/KuduLite/Kudu.Core/Deployment/DeploymentManager.cs:line 840" /><!-- duration: 6ms -->
            <step title="Cleaning up temp files" date="2025-11-13T12:22:56.989" /><!-- duration: 8ms -->
            <step title="Cleaning up temp files" date="2025-11-13T12:22:57.004" /><!-- duration: 517ms -->
            <step title="Error occurred" date="2025-11-13T12:22:57.577" type="error" text="Invalid argument : &apos;/home/site/wwwroot/runtimes\win-x64\native\vcruntime140_1.dll&apos;" stackTrace="   at Interop.ThrowExceptionForIoErrno(ErrorInfo errorInfo, String path, Boolean isDirError)
   at Microsoft.Win32.SafeHandles.SafeFileHandle.Open(String fullPath, FileMode mode, FileAccess access, FileShare share, FileOptions options, Int64 preallocationSize, UnixFileMode openPermissions, Int64&amp; fileLength, UnixFileMode&amp; filePermissions, Boolean failForSymlink, Boolean&amp; wasSymlink, Func`4 createOpenException)
   at System.IO.FileSystem.CopyFile(String sourceFullPath, String destFullPath, Boolean overwrite)
   at Kudu.Core.Infrastructure.FileSystemHelpers.CopyDirectoryRecursive(String sourceDirPath, String destinationDirPath, Boolean overwrite) in /tmp/KuduLite/Kudu.Core/Infrastructure/FileSystemHelpers.cs:line 239
   at Kudu.Core.Deployment.Generator.OneDeployBuilder.Build(DeploymentContext context, CancellationToken token) in /tmp/KuduLite/Kudu.Core/Deployment/Generator/OneDeployBuilder.cs:line 108
   at Kudu.Core.Deployment.DeploymentManager.Build(ChangeSet changeSet, ITracer tracer, IDisposable deployStep, IRepository repository, DeploymentInfoBase deploymentInfo, DeploymentAnalytics deploymentAnalytics, Boolean fullBuildByDefault, CancellationToken cancellationToken) in /tmp/KuduLite/Kudu.Core/Deployment/DeploymentManager.cs:line 771
   at Kudu.Core.Deployment.DeploymentManager.Build(ChangeSet changeSet, ITracer tracer, IDisposable deployStep, IRepository repository, DeploymentInfoBase deploymentInfo, DeploymentAnalytics deploymentAnalytics, Boolean fullBuildByDefault, CancellationToken cancellationToken) in /tmp/KuduLite/Kudu.Core/Deployment/DeploymentManager.cs:line 840
   at Kudu.Core.Deployment.DeploymentManager.DeployAsync(IRepository repository, ChangeSet changeSet, String deployer, Boolean clean, DeploymentInfoBase deploymentInfo, Boolean needFileUpdate, Boolean fullBuildByDefault) in /tmp/KuduLite/Kudu.Core/Deployment/DeploymentManager.cs:line 266" /><!-- duration: 5ms -->
          </step><!-- duration: 16995ms -->
          <step title="Reloading status file with latest updates" date="2025-11-13T12:22:57.667" >
            <step title="WebHooksManager.PublishEventAsync: PostDeployment" date="2025-11-13T12:22:57.680" /><!-- duration: 82ms -->
          </step><!-- duration: 103ms -->
          <step title="Error occurred" date="2025-11-13T12:22:57.775" type="error" text="Invalid argument : &apos;/home/site/wwwroot/runtimes\win-x64\native\vcruntime140_1.dll&apos;" stackTrace="   at Interop.ThrowExceptionForIoErrno(ErrorInfo errorInfo, String path, Boolean isDirError)
   at Microsoft.Win32.SafeHandles.SafeFileHandle.Open(String fullPath, FileMode mode, FileAccess access, FileShare share, FileOptions options, Int64 preallocationSize, UnixFileMode openPermissions, Int64&amp; fileLength, UnixFileMode&amp; filePermissions, Boolean failForSymlink, Boolean&amp; wasSymlink, Func`4 createOpenException)
   at System.IO.FileSystem.CopyFile(String sourceFullPath, String destFullPath, Boolean overwrite)
   at Kudu.Core.Infrastructure.FileSystemHelpers.CopyDirectoryRecursive(String sourceDirPath, String destinationDirPath, Boolean overwrite) in /tmp/KuduLite/Kudu.Core/Infrastructure/FileSystemHelpers.cs:line 239
   at Kudu.Core.Deployment.Generator.OneDeployBuilder.Build(DeploymentContext context, CancellationToken token) in /tmp/KuduLite/Kudu.Core/Deployment/Generator/OneDeployBuilder.cs:line 108
   at Kudu.Core.Deployment.DeploymentManager.Build(ChangeSet changeSet, ITracer tracer, IDisposable deployStep, IRepository repository, DeploymentInfoBase deploymentInfo, DeploymentAnalytics deploymentAnalytics, Boolean fullBuildByDefault, CancellationToken cancellationToken) in /tmp/KuduLite/Kudu.Core/Deployment/DeploymentManager.cs:line 771
   at Kudu.Core.Deployment.DeploymentManager.Build(ChangeSet changeSet, ITracer tracer, IDisposable deployStep, IRepository repository, DeploymentInfoBase deploymentInfo, DeploymentAnalytics deploymentAnalytics, Boolean fullBuildByDefault, CancellationToken cancellationToken) in /tmp/KuduLite/Kudu.Core/Deployment/DeploymentManager.cs:line 840
   at Kudu.Core.Deployment.DeploymentManager.DeployAsync(IRepository repository, ChangeSet changeSet, String deployer, Boolean clean, DeploymentInfoBase deploymentInfo, Boolean needFileUpdate, Boolean fullBuildByDefault) in /tmp/KuduLite/Kudu.Core/Deployment/DeploymentManager.cs:line 266" /><!-- duration: 8ms -->
          <step title="Marking deployment as failed and cleaning up the temp deployment" date="2025-11-13T12:22:57.859" /><!-- duration: 6ms -->
        </step><!-- duration: 19251ms -->
      </step><!-- duration: 19270ms -->
      <step title="Error occurred" date="2025-11-13T12:22:58.070" type="error" text="Deployment failed" stackTrace="   at Kudu.Core.Deployment.DeploymentManager.DeployAsync(IRepository repository, ChangeSet changeSet, String deployer, Boolean clean, DeploymentInfoBase deploymentInfo, Boolean needFileUpdate, Boolean fullBuildByDefault) in /tmp/KuduLite/Kudu.Core/Deployment/DeploymentManager.cs:line 307
   at Kudu.Core.Deployment.FetchDeploymentManager.PerformDeployment(DeploymentInfoBase deploymentInfo, IDisposable tempDeployment, ChangeSet tempChangeSet, DeployStatusApiResult updateStatusObj) in /tmp/KuduLite/Kudu.Core/Deployment/FetchDeploymentManager.cs:line 230
   at Kudu.Core.Deployment.FetchDeploymentManager.&lt;&gt;c__DisplayClass17_0.&lt;&lt;FetchDeploy&gt;b__0&gt;d.MoveNext() in /tmp/KuduLite/Kudu.Core/Deployment/FetchDeploymentManager.cs:line 131
--- End of stack trace from previous location ---
   at Kudu.Core.Deployment.FetchDeploymentManager.FetchDeploy(DeploymentInfoBase deployInfo, Boolean asyncRequested, Uri requestUri, String targetBranch) in /tmp/KuduLite/Kudu.Core/Deployment/FetchDeploymentManager.cs:line 124
   at Kudu.Services.Deployment.PushDeploymentController.PushDeployAsync(ArtifactDeploymentInfo deploymentInfo, Boolean isAsync, HttpContext context, JObject requestJson) in /tmp/KuduLite/Kudu.Services/Deployment/PushDeploymentController.cs:line 802
   at Kudu.Services.Deployment.PushDeploymentController.OneDeploy(String type, Boolean async, String path, Nullable`1 restart, Nullable`1 clean, Boolean ignoreStack, Boolean trackDeploymentProgress, Boolean trackStatus, Boolean reset) in /tmp/KuduLite/Kudu.Services/Deployment/PushDeploymentController.cs:line 624
   at Microsoft.AspNetCore.Mvc.Infrastructure.ActionMethodExecutor.TaskOfIActionResultExecutor.Execute(ActionContext actionContext, IActionResultTypeMapper mapper, ObjectMethodExecutor executor, Object controller, Object[] arguments)
   at Microsoft.AspNetCore.Mvc.Infrastructure.ControllerActionInvoker.&lt;InvokeActionMethodAsync&gt;g__Awaited|12_0(ControllerActionInvoker invoker, ValueTask`1 actionResultValueTask)
   at Microsoft.AspNetCore.Mvc.Infrastructure.ControllerActionInvoker.&lt;InvokeNextActionFilterAsync&gt;g__Awaited|10_0(ControllerActionInvoker invoker, Task lastTask, State next, Scope scope, Object state, Boolean isCompleted)
   at Microsoft.AspNetCore.Mvc.Infrastructure.ControllerActionInvoker.Rethrow(ActionExecutedContextSealed context)
   at Microsoft.AspNetCore.Mvc.Infrastructure.ControllerActionInvoker.Next(State&amp; next, Scope&amp; scope, Object&amp; state, Boolean&amp; isCompleted)
   at Microsoft.AspNetCore.Mvc.Infrastructure.ControllerActionInvoker.&lt;InvokeInnerFilterAsync&gt;g__Awaited|13_0(ControllerActionInvoker invoker, Task lastTask, State next, Scope scope, Object state, Boolean isCompleted)
   at Microsoft.AspNetCore.Mvc.Infrastructure.ResourceInvoker.&lt;InvokeNextResourceFilter&gt;g__Awaited|25_0(ResourceInvoker invoker, Task lastTask, State next, Scope scope, Object state, Boolean isCompleted)
   at Microsoft.AspNetCore.Mvc.Infrastructure.ResourceInvoker.Rethrow(ResourceExecutedContextSealed context)
   at Microsoft.AspNetCore.Mvc.Infrastructure.ResourceInvoker.Next(State&amp; next, Scope&amp; scope, Object&amp; state, Boolean&amp; isCompleted)
   at Microsoft.AspNetCore.Mvc.Infrastructure.ResourceInvoker.&lt;InvokeFilterPipelineAsync&gt;g__Awaited|20_0(ResourceInvoker invoker, Task lastTask, State next, Scope scope, Object state, Boolean isCompleted)
   at Microsoft.AspNetCore.Mvc.Infrastructure.ResourceInvoker.&lt;InvokeAsync&gt;g__Awaited|17_0(ResourceInvoker invoker, Task task, IDisposable scope)
   at Microsoft.AspNetCore.Mvc.Infrastructure.ResourceInvoker.&lt;InvokeAsync&gt;g__Awaited|17_0(ResourceInvoker invoker, Task task, IDisposable scope)
   at Microsoft.AspNetCore.Builder.RouterMiddleware.Invoke(HttpContext httpContext)
   at Kudu.Services.Web.Tracing.TraceMiddleware.Invoke(HttpContext context) in /tmp/KuduLite/Kudu.Services.Web/Tracing/TraceMiddleware.cs:line 101" innerText="Invalid argument : &apos;/home/site/wwwroot/runtimes\win-x64\native\vcruntime140_1.dll&apos;" innerStackTrace="   at Interop.ThrowExceptionForIoErrno(ErrorInfo errorInfo, String path, Boolean isDirError)
   at Microsoft.Win32.SafeHandles.SafeFileHandle.Open(String fullPath, FileMode mode, FileAccess access, FileShare share, FileOptions options, Int64 preallocationSize, UnixFileMode openPermissions, Int64&amp; fileLength, UnixFileMode&amp; filePermissions, Boolean failForSymlink, Boolean&amp; wasSymlink, Func`4 createOpenException)
   at System.IO.FileSystem.CopyFile(String sourceFullPath, String destFullPath, Boolean overwrite)
   at Kudu.Core.Infrastructure.FileSystemHelpers.CopyDirectoryRecursive(String sourceDirPath, String destinationDirPath, Boolean overwrite) in /tmp/KuduLite/Kudu.Core/Infrastructure/FileSystemHelpers.cs:line 239
   at Kudu.Core.Deployment.Generator.OneDeployBuilder.Build(DeploymentContext context, CancellationToken token) in /tmp/KuduLite/Kudu.Core/Deployment/Generator/OneDeployBuilder.cs:line 108
   at Kudu.Core.Deployment.DeploymentManager.Build(ChangeSet changeSet, ITracer tracer, IDisposable deployStep, IRepository repository, DeploymentInfoBase deploymentInfo, DeploymentAnalytics deploymentAnalytics, Boolean fullBuildByDefault, CancellationToken cancellationToken) in /tmp/KuduLite/Kudu.Core/Deployment/DeploymentManager.cs:line 771
   at Kudu.Core.Deployment.DeploymentManager.Build(ChangeSet changeSet, ITracer tracer, IDisposable deployStep, IRepository repository, DeploymentInfoBase deploymentInfo, DeploymentAnalytics deploymentAnalytics, Boolean fullBuildByDefault, CancellationToken cancellationToken) in /tmp/KuduLite/Kudu.Core/Deployment/DeploymentManager.cs:line 840
   at Kudu.Core.Deployment.DeploymentManager.DeployAsync(IRepository repository, ChangeSet changeSet, String deployer, Boolean clean, DeploymentInfoBase deploymentInfo, Boolean needFileUpdate, Boolean fullBuildByDefault) in /tmp/KuduLite/Kudu.Core/Deployment/DeploymentManager.cs:line 266" /><!-- duration: 26ms -->
      <step title="Incoming Request" date="2025-11-13T12:22:58.155" url="/Error?type=zip&amp;async=False" method="POST" type="request" pid="770,1,18" Accept="*/*" Host="smartcost-api-demo-7294.scm.azurewebsites.net" User-Agent="AZURECLI/2.79.0 (MSI)" Accept-Encoding="gzip, deflate" Authorization="Bea..." Cache-Control="no-cache" Content-Type="application/octet-stream" Cookie="ARRAffinity=d9fa23bab1bae3444918e0beb211c6c2d95730b25457dd5fed306f4f2e1a4c11; ARRAffinitySameSite=d9fa23bab1bae3444918e0beb211c6c2d95730b25457dd5fed306f4f2e1a4c11" Content-Length="22581208" x-ms-client-request-id="9469c419-c08b-11f0-947b-24f5aa646473" x-ms-artifact-checksum="7c31db9670f1f531f7b3707635bedafad36e63fba691908ece72832861d5ad63" X-ARR-LOG-ID="9469c419-c08b-11f0-947b-24f5aa646473" CLIENT-IP="191.255.213.128:50925" X-SITE-DEPLOYMENT-ID="smartcost-api-demo-7294" WAS-DEFAULT-HOSTNAME="smartcost-api-demo-7294.scm.azurewebsites.net" X-Forwarded-Proto="https" X-AppService-Proto="https" X-Forwarded-TlsVersion="1.3" X-WAWS-Unencoded-URL="/api/publish?type=zip&amp;async=False" X-Client-IP="191.255.213.128" X-Client-Port="50925" >
        <step title="Outgoing response" date="2025-11-13T12:22:58.234" type="response" statusCode="400" statusText="BadRequest" /><!-- duration: 7ms -->
      </step><!-- duration: 98ms -->
