<step title="Incoming Request" date="2025-11-13T12:17:53.630" instance="d9fa23" url="/api/zipdeploy?isAsync=true" method="POST" type="request" pid="833,1,7" Accept="*/*" Host="smartcost-api-demo-7294.scm.azurewebsites.net" User-Agent="AZURECLI/2.79.0 (MSI)" Accept-Encoding="gzip, deflate" Authorization="Bea..." Cache-Control="no-cache" Content-Type="application/octet-stream" Content-Length="22581208" x-ms-client-request-id="df6a38b2-c08a-11f0-b68c-24f5aa646473" x-ms-artifact-checksum="7c31db9670f1f531f7b3707635bedafad36e63fba691908ece72832861d5ad63" X-ARR-LOG-ID="df6a38b2-c08a-11f0-b68c-24f5aa646473" CLIENT-IP="191.255.213.128:50838" X-SITE-DEPLOYMENT-ID="smartcost-api-demo-7294" WAS-DEFAULT-HOSTNAME="smartcost-api-demo-7294.scm.azurewebsites.net" X-Forwarded-Proto="https" X-AppService-Proto="https" X-Forwarded-TlsVersion="1.3" X-WAWS-Unencoded-URL="/api/zipdeploy?isAsync=true" X-Client-IP="191.255.213.128" X-Client-Port="50838" >
  <step title="ZipPushDeploy" date="2025-11-13T12:17:54.690" >
    <step title="ZipDeploy. Extract zip." date="2025-11-13T12:17:54.698" /><!-- duration: 3ms -->
    <step title="None repository commit" date="2025-11-13T12:17:54.708" >
      <step title="Commit id: 5777f760-3cad-4c62-ab3a-45a4a3ba24d7" date="2025-11-13T12:17:54.711" Message="N/A" AuthorName="N/A" AuthorEmail="N/A" /><!-- duration: 5ms -->
    </step><!-- duration: 12ms -->
    <step title="Starting PushDeployAsync" date="2025-11-13T12:17:54.723" /><!-- duration: 3ms -->
    <step title="Writing artifact to /tmp/zipdeploy/73db6e7c-a75c-40aa-a274-aafb80c0712e.zip" date="2025-11-13T12:17:54.743" >
      <step title="Writing multipart request body to /tmp/zipdeploy/73db6e7c-a75c-40aa-a274-aafb80c0712e.zip" date="2025-11-13T12:17:54.751" /><!-- duration: 36ms -->
    </step><!-- duration: 1355ms -->
    <step title="Start deployment in the background" date="2025-11-13T12:17:56.113" >
      <step title="Acquiring Deployment Lock" date="2025-11-13T12:17:56.156" /><!-- duration: 4ms -->
      <step title="Acquired Deployment Lock" date="2025-11-13T12:17:56.218" /><!-- duration: 4ms -->
    </step><!-- duration: 229ms -->
  </step><!-- duration: 1662ms -->
  <step title="Outgoing response" date="2025-11-13T12:17:56.373" type="response" statusCode="202" statusText="Accepted" /><!-- duration: 4ms -->
</step><!-- duration: 2752ms -->
