<step title="Incoming Request" date="2025-11-13T12:47:48.263" instance="d9fa23" url="/api/publish?type=zip" method="POST" type="request" pid="772,1,7" Accept="*/*" Host="smartcost-api-demo-7294.scm.azurewebsites.net" User-Agent="AZURECLI/2.79.0 (MSI)" Accept-Encoding="gzip, deflate" Authorization="Bea..." Cache-Control="no-cache" Content-Type="application/octet-stream" Cookie="ARRAffinity=d9fa23bab1bae3444918e0beb211c6c2d95730b25457dd5fed306f4f2e1a4c11; ARRAffinitySameSite=d9fa23bab1bae3444918e0beb211c6c2d95730b25457dd5fed306f4f2e1a4c11" Content-Length="22581208" x-ms-client-request-id="fcf7e40e-c08e-11f0-9c4a-24f5aa646473" x-ms-artifact-checksum="7c31db9670f1f531f7b3707635bedafad36e63fba691908ece72832861d5ad63" X-ARR-LOG-ID="fcf7e40e-c08e-11f0-9c4a-24f5aa646473" CLIENT-IP="191.255.213.128:51254" X-SITE-DEPLOYMENT-ID="smartcost-api-demo-7294" WAS-DEFAULT-HOSTNAME="smartcost-api-demo-7294.scm.azurewebsites.net" X-Forwarded-Proto="https" X-AppService-Proto="https" X-Forwarded-TlsVersion="1.3" X-WAWS-Unencoded-URL="/api/publish?type=zip" X-Client-IP="191.255.213.128" X-Client-Port="51254" >
  <step title="Cleanup Xml Logs" date="2025-11-13T12:47:48.301" /><!-- duration: 233ms -->
  <step title="OneDeploy" date="2025-11-13T12:47:52.652" >
    <step title="None repository commit" date="2025-11-13T12:47:52.926" >
      <step title="Commit id: dc63ee24-7c11-4ab7-9407-0ebe5c9c5d78" date="2025-11-13T12:47:53.020" Message="N/A" AuthorName="N/A" AuthorEmail="N/A" /><!-- duration: 20ms -->
    </step><!-- duration: 198ms -->
    <step title="Starting PushDeployAsync" date="2025-11-13T12:47:53.267" /><!-- duration: 45ms -->
    <step title="Writing artifact to /tmp/zipdeploy/4d07e7c3-a434-4526-ad79-5cb2e013cf68.zip" date="2025-11-13T12:47:54.187" >
      <step title="Writing multipart request body to /tmp/zipdeploy/4d07e7c3-a434-4526-ad79-5cb2e013cf68.zip" date="2025-11-13T12:47:54.395" /><!-- duration: 153ms -->
    </step><!-- duration: 11006ms -->
    <step title="Attempting to fetch target branch HEAD" date="2025-11-13T12:48:05.269" /><!-- duration: 45ms -->
    <step title="Acquiring Deployment Lock" date="2025-11-13T12:48:05.361" /><!-- duration: 30ms -->
    <step title="Acquired Deployment Lock" date="2025-11-13T12:48:05.697" /><!-- duration: 26ms -->
    <step title="Performing fetch based deployment" date="2025-11-13T12:48:05.753" >
      <step title="Creating temporary deployment" date="2025-11-13T12:48:05.771" /><!-- duration: 367ms -->
      <step title="Releasing Deployment Lock" date="2025-11-13T12:48:08.152" /><!-- duration: 26ms -->
      <step title="Cleaning up temp folders from previous zip deployments and extracting pushed zip file /tmp/zipdeploy/4d07e7c3-a434-4526-ad79-5cb2e013cf68.zip (21.54 MB) to /tmp/zipdeploy/extracted" date="2025-11-13T12:48:08.350" 