<step title="Incoming Request" date="2025-11-13T12:47:10.833" instance="d9fa23" url="/api/deployments?warmup=true" method="GET" type="request" pid="772,1,16" Accept="*/*" Host="smartcost-api-demo-7294.scm.azurewebsites.net" User-Agent="AZURECLI/2.79.0 (MSI)" Accept-Encoding="gzip, deflate" Authorization="Bea..." Cookie="ARRAffinity=d9fa23bab1bae3444918e0beb211c6c2d95730b25457dd5fed306f4f2e1a4c11; ARRAffinitySameSite=d9fa23bab1bae3444918e0beb211c6c2d95730b25457dd5fed306f4f2e1a4c11" x-ms-client-request-id="fcf7e40e-c08e-11f0-9c4a-24f5aa646473" X-ARR-LOG-ID="fcf7e40e-c08e-11f0-9c4a-24f5aa646473" CLIENT-IP="191.255.213.128:51246" X-SITE-DEPLOYMENT-ID="smartcost-api-demo-7294" WAS-DEFAULT-HOSTNAME="smartcost-api-demo-7294.scm.azurewebsites.net" X-Forwarded-Proto="https" X-AppService-Proto="https" X-Forwarded-TlsVersion="1.3" X-WAWS-Unencoded-URL="/api/deployments?warmup=true" X-Client-IP="191.255.213.128" X-Client-Port="51246" >
  <step title="Cleanup Xml Logs" date="2025-11-13T12:47:10.936" /><!-- duration: 60ms -->
  <step title="DeploymentService.GetCurrentEtag" date="2025-11-13T12:47:32.194" >
    <step title="Current Etag: &quot;8de22af3b78a015&quot;, Cached Etag: " date="2025-11-13T12:47:33.558" /><!-- duration: 48ms -->
  </step><!-- duration: 1430ms -->
  <step title="DeploymentService.GetDeployResults" date="2025-11-13T12:47:33.632" >
    <step title="DeploymentManager.GetResults" date="2025-11-13T12:47:33.653" /><!-- duration: 3011ms -->
  </step><!-- duration: 3273ms -->
  <step title="Outgoing response" date="2025-11-13T12:47:43.386" type="response" statusCode="200" statusText="OK" /><!-- duration: 233ms -->
</step><!-- duration: 32930ms -->
