﻿<?xml version="1.0" encoding="utf-8"?>
<deployment>
  <id>7b772d9e-fbb8-43bc-b1f0-76a91e2c0d0c</id>
  <author>N/A</author>
  <deployer>OneDeploy</deployer>
  <authorEmail>N/A</authorEmail>
  <message>OneDeploy</message>
  <progress></progress>
  <status>Success</status>
  <statusText></statusText>
  <lastSuccessEndTime>2025-11-16T18:18:13.8976338Z</lastSuccessEndTime>
  <receivedTime>2025-11-16T18:18:11.0125288Z</receivedTime>
  <startTime>2025-11-16T18:18:12.4018007Z</startTime>
  <endTime>2025-11-16T18:18:13.8976338Z</endTime>
  <complete>True</complete>
  <is_temp>False</is_temp>
  <is_readonly>True</is_readonly>
  <buildSummary />
</deployment>