﻿<?xml version="1.0" encoding="utf-8"?>
<deployment>
  <id>a512b15f-5914-45fe-927c-e8669b9518e6</id>
  <author>N/A</author>
  <deployer>Push-Deployer</deployer>
  <authorEmail>N/A</authorEmail>
  <message>Created via a push deployment</message>
  <progress></progress>
  <status>Success</status>
  <statusText></statusText>
  <lastSuccessEndTime>2025-11-16T21:11:34.0354948Z</lastSuccessEndTime>
  <receivedTime>2025-11-16T21:11:30.6849163Z</receivedTime>
  <startTime>2025-11-16T21:11:32.4018996Z</startTime>
  <endTime>2025-11-16T21:11:34.0354948Z</endTime>
  <complete>True</complete>
  <is_temp>False</is_temp>
  <is_readonly>True</is_readonly>
  <buildSummary />
</deployment>